<code_scheme name="Google" version="173">
  <option name="LINE_SEPARATOR" value="&#10;" />
  <option name="HTML_ALIGN_ATTRIBUTES" value="false" />
  <option name="HTML_SPACE_INSIDE_EMPTY_TAG" value="true" />
  <option name="HTML_ELEMENTS_TO_INSERT_NEW_LINE_BEFORE" value="" />
  <option name="HTML_ELEMENTS_TO_REMOVE_NEW_LINE_BEFORE" value="" />
  <option name="HTML_DO_NOT_INDENT_CHILDREN_OF" value="" />
  <option name="HTML_KEEP_WHITESPACES_INSIDE" value="" />
  <option name="HTML_DONT_ADD_BREAKS_IF_INLINE_CONTENT" value="" />
  <CssCodeStyleSettings>
    <option name="HEX_COLOR_LOWER_CASE" value="true" />
    <option name="HEX_COLOR_SHORT_FORMAT" value="true" />
  </CssCodeStyleSettings>
  <HTMLCodeStyleSettings>
    <option name="HTML_ALIGN_ATTRIBUTES" value="false" />
    <option name="HTML_SPACE_INSIDE_EMPTY_TAG" value="true" />
    <option name="HTML_ELEMENTS_TO_INSERT_NEW_LINE_BEFORE" value="" />
    <option name="HTML_ELEMENTS_TO_REMOVE_NEW_LINE_BEFORE" value="" />
    <option name="HTML_DO_NOT_INDENT_CHILDREN_OF" value="" />
    <option name="HTML_KEEP_WHITESPACES_INSIDE" value="" />
    <option name="HTML_DONT_ADD_BREAKS_IF_INLINE_CONTENT" value="" />
  </HTMLCodeStyleSettings>
  <JSCodeStyleSettings version="0">
    <option name="FORCE_SEMICOLON_STYLE" value="true" />
    <option name="SPACE_BEFORE_FUNCTION_LEFT_PARENTH" value="false" />
    <option name="USE_DOUBLE_QUOTES" value="false" />
    <option name="FORCE_QUOTE_STYlE" value="true" />
    <option name="ENFORCE_TRAILING_COMMA" value="WhenMultiline" />
    <option name="USE_CHAINED_CALLS_GROUP_INDENTS" value="true" />
    <option name="CHAINED_CALL_DOT_ON_NEW_LINE" value="false" />
  </JSCodeStyleSettings>
  <XML>
    <option name="XML_LEGACY_SETTINGS_IMPORTED" value="true" />
  </XML>
  <codeStyleSettings language="CoffeeScript">
    <option name="ALIGN_MULTILINE_PARAMETERS" value="false" />
    <option name="CALL_PARAMETERS_WRAP" value="0" />
    <option name="ARRAY_INITIALIZER_WRAP" value="5" />
    <option name="ARRAY_INITIALIZER_LBRACE_ON_NEXT_LINE" value="true" />
    <option name="ARRAY_INITIALIZER_RBRACE_ON_NEXT_LINE" value="true" />
  </codeStyleSettings>
  <codeStyleSettings language="HTML">
    <option name="RIGHT_MARGIN" value="512" />
    <indentOptions>
      <option name="INDENT_SIZE" value="2" />
      <option name="CONTINUATION_INDENT_SIZE" value="2" />
      <option name="TAB_SIZE" value="2" />
    </indentOptions>
  </codeStyleSettings>
  <codeStyleSettings language="JSON">
    <option name="RIGHT_MARGIN" value="512" />
    <option name="WRAP_LONG_LINES" value="true" />
    <indentOptions>
      <option name="CONTINUATION_INDENT_SIZE" value="2" />
      <option name="TAB_SIZE" value="2" />
    </indentOptions>
  </codeStyleSettings>
  <codeStyleSettings language="JavaScript">
    <option name="RIGHT_MARGIN" value="80" />
    <option name="KEEP_FIRST_COLUMN_COMMENT" value="false" />
    <option name="KEEP_BLANK_LINES_IN_CODE" value="1" />
    <option name="CATCH_ON_NEW_LINE" value="true" />
    <option name="FINALLY_ON_NEW_LINE" value="true" />
    <option name="ALIGN_MULTILINE_PARAMETERS" value="false" />
    <option name="CALL_PARAMETERS_WRAP" value="1" />
    <option name="METHOD_PARAMETERS_WRAP" value="1" />
    <option name="METHOD_PARAMETERS_LPAREN_ON_NEXT_LINE" value="true" />
    <option name="METHOD_CALL_CHAIN_WRAP" value="5" />
    <option name="BINARY_OPERATION_WRAP" value="1" />
    <option name="TERNARY_OPERATION_WRAP" value="5" />
    <option name="KEEP_SIMPLE_BLOCKS_IN_ONE_LINE" value="true" />
    <option name="KEEP_SIMPLE_METHODS_IN_ONE_LINE" value="true" />
    <option name="FOR_STATEMENT_WRAP" value="5" />
    <option name="FOR_STATEMENT_LPAREN_ON_NEXT_LINE" value="true" />
    <option name="FOR_STATEMENT_RPAREN_ON_NEXT_LINE" value="true" />
    <option name="ARRAY_INITIALIZER_WRAP" value="5" />
    <option name="ARRAY_INITIALIZER_LBRACE_ON_NEXT_LINE" value="true" />
    <option name="ARRAY_INITIALIZER_RBRACE_ON_NEXT_LINE" value="true" />
    <option name="ASSIGNMENT_WRAP" value="1" />
    <option name="IF_BRACE_FORCE" value="3" />
    <option name="DOWHILE_BRACE_FORCE" value="3" />
    <option name="WHILE_BRACE_FORCE" value="3" />
    <option name="FOR_BRACE_FORCE" value="3" />
    <indentOptions>
      <option name="INDENT_SIZE" value="2" />
      <option name="TAB_SIZE" value="2" />
    </indentOptions>
    <arrangement>
      <rules>
        <section>
          <rule>
            <match>
              <AND>
                <FIELD>true</FIELD>
                <STATIC>true</STATIC>
              </AND>
            </match>
          </rule>
        </section>
        <section>
          <rule>
            <match>
              <AND>
                <METHOD>true</METHOD>
                <STATIC>true</STATIC>
              </AND>
            </match>
          </rule>
        </section>
        <section>
          <rule>
            <match>
              <AND>
                <PROPERTY>true</PROPERTY>
                <STATIC>true</STATIC>
              </AND>
            </match>
          </rule>
        </section>
        <section>
          <rule>
            <match>
              <FIELD>true</FIELD>
            </match>
          </rule>
        </section>
        <section>
          <rule>
            <match>
              <PROPERTY>true</PROPERTY>
            </match>
          </rule>
        </section>
        <section>
          <rule>
            <match>
              <CONSTRUCTOR>true</CONSTRUCTOR>
            </match>
          </rule>
        </section>
        <section>
          <rule>
            <match>
              <METHOD>true</METHOD>
            </match>
          </rule>
        </section>
      </rules>
    </arrangement>
  </codeStyleSettings>
  <codeStyleSettings language="SCSS">
    <indentOptions>
      <option name="CONTINUATION_INDENT_SIZE" value="2" />
      <option name="TAB_SIZE" value="2" />
    </indentOptions>
  </codeStyleSettings>
  <codeStyleSettings language="TypeScript">
    <indentOptions>
      <option name="INDENT_SIZE" value="2" />
      <option name="CONTINUATION_INDENT_SIZE" value="2" />
      <option name="TAB_SIZE" value="2" />
    </indentOptions>
  </codeStyleSettings>
</code_scheme>