<application>
  <component name="CodeFoldingSettings">
    <option name="COLLAPSE_IMPORTS" value="false" />
    <option name="COLLAPSE_FILE_HEADER" value="false" />
  </component>
  <component name="CodeInsightSettings">
    <option name="HIGHLIGHT_SCOPE" value="true" />
  </component>
  <component name="DaemonCodeAnalyzerSettings">
    <option name="SHOW_METHOD_SEPARATORS" value="true" />
  </component>
  <component name="DefaultFont">
    <option name="FONT_SIZE" value="12" />
    <option name="FONT_FAMILY" value="mononoki" />
  </component>
  <component name="EditorSettings">
    <option name="languageBreadcrumbsMap">
      <map>
        <entry key="CSS" value="true" />
        <entry key="HTML" value="true" />
        <entry key="JSON" value="true" />
        <entry key="JSX Harmony" value="true" />
        <entry key="JavaScript" value="true" />
        <entry key="LESS" value="true" />
        <entry key="SASS" value="true" />
        <entry key="SCSS" value="true" />
        <entry key="TypeScript" value="true" />
        <entry key="XHTML" value="true" />
        <entry key="XML" value="false" />
        <entry key="yaml" value="true" />
      </map>
    </option>
    <option name="USE_SOFT_WRAPS" value="" />
    <option name="IS_ENSURE_NEWLINE_AT_EOF" value="true" />
    <option name="IS_FOLDING_OUTLINE_SHOWN" value="false" />
    <option name="IS_BLOCK_CURSOR" value="true" />
    <option name="IS_DND_ENABLED" value="false" />
  </component>
  <component name="TodoConfiguration">
    <pattern pattern="\btodo\b.*" />
    <pattern pattern="\bfixme\b.*" />
    <pattern pattern="\bhack\b.*" />
  </component>
  <component name="XmlFoldingSettings">
    <option name="COLLAPSE_HTML_STYLE_ATTRIBUTE" value="false" />
    <option name="COLLAPSE_ENTITIES" value="false" />
    <option name="COLLAPSE_DATA_URI" value="false" />
  </component>
</application>