<application>
  <component name="FileTypeManager" version="18">
    <extensionMap>
      <mapping pattern="post-merge" type="AUTO_DETECTED" />
      <mapping pattern="commit-msg" type="AUTO_DETECTED" />
      <mapping pattern="prepare-commit-msg" type="AUTO_DETECTED" />
      <mapping pattern=".releaserc" type="JSON" />
      <mapping pattern=".commitlintrc" type="JSON" />
      <mapping pattern=".czrc" type="JSON" />
      <mapping ext="lintstagedrc" type="JSON" />
      <mapping pattern=".jestrc" type="JavaScript" />
      <removed_mapping ext="commitlintrc" approved="true" type="JSON" />
      <removed_mapping ext="ignore" approved="true" type="IgnoreLang file" />
      <removed_mapping ext="lintstagerc" approved="true" type="JSON" />
      <removed_mapping pattern=".commitlintrc" approved="true" type="PLAIN_TEXT" />
    </extensionMap>
  </component>
</application>