<application>
  <component name="GeneralSettings">
    <option name="autoSaveIfInactive" value="true" />
    <option name="confirmOpenNewProject2" value="0" />
    <option name="inactiveTimeout" value="120" />
    <option name="searchInBackground" value="true" />
    <option name="showTipsOnStartup" value="false" />
    <option name="useSafeWrite" value="false" />
  </component>
  <component name="Registry">
    <entry key="ide.firstStartup" value="false" />
    <entry key="tabs.alphabetical" value="true" />
    <entry key="dumb.aware.run.configurations" value="true" />
    <entry key="bigger.font.in.project.view" value="true" />
    <entry key="mac.editor.thumb.default.alpha.base" value="0" />
    <entry key="mac.editor.thumb.default.alpha.delta" value="102" />
    <entry key="mac.editor.thumb.darcula.alpha.base" value="0" />
    <entry key="mac.editor.thumb.darcula.alpha.delta" value="102" />
    <entry key="mac.editor.thumb.default.fill.min" value="102" />
    <entry key="mac.editor.thumb.default.fill.max" value="150" />
    <entry key="mac.editor.thumb.darcula.fill.min" value="102" />
    <entry key="mac.editor.thumb.darcula.fill.max" value="163" />
    <entry key="ide.balloon.shadow.size" value="0" />
    <entry key="ide.mac.allowDarkWindowDecorations" value="true" />
    <entry key="ide.suppress.double.click.handler" value="true" />
    <entry key="ide.tree.ui.experimental" value="false" />
    <entry key="ide.windowSystem.autoShowProcessPopup" value="true" />
  </component>
  <component name="StatusBar">
    <option name="widgets">
      <map>
        <entry key="Memory" value="true" />
      </map>
    </option>
  </component>
</application>