<application>
  <component name="ProjectManager">
    <defaultProject>
      <component name="EslintConfiguration">
        <option name="fix-on-save" value="true" />
      </component>
      <component name="ProjectInspectionProfilesVisibleTreeState">
        <entry key="Project Default">
          <profile-state>
            <expanded-state>
              <State />
              <State>
                <id>Code quality toolsJavaScript and TypeScript</id>
              </State>
              <State>
                <id>Flow type checkerJavaScript and TypeScript</id>
              </State>
              <State>
                <id>GeneralJavaScript and TypeScript</id>
              </State>
              <State>
                <id>Imports and dependenciesJavaScript and TypeScript</id>
              </State>
              <State>
                <id>Internationalization</id>
              </State>
              <State>
                <id>JavaScript and TypeScript</id>
              </State>
              <State>
                <id>TypeScriptJavaScript and TypeScript</id>
              </State>
              <State>
                <id>Unit testingJavaScript and TypeScript</id>
              </State>
              <State>
                <id>XPath</id>
              </State>
              <State>
                <id>YAML</id>
              </State>
            </expanded-state>
            <selected-state>
              <State>
                <id>Angular</id>
              </State>
            </selected-state>
          </profile-state>
        </entry>
      </component>
      <component name="ProjectTasksOptions">
        <enabled-global>
          <option value="Prettier" />
        </enabled-global>
      </component>
      <component name="ProjectViewState">
        <option name="autoscrollFromSource" value="true" />
        <option name="foldersAlwaysOnTop" value="false" />
        <option name="hideEmptyMiddlePackages" value="true" />
        <option name="showExcludedFiles" value="false" />
        <option name="showLibraryContents" value="true" />
      </component>
      <component name="PropertiesComponent">
        <property name="NewWatcherDialog.advanced.open" value="true" />
        <property name="node.js.selected.package.eslint" value="(autodetect)" />
        <property name="node.js.selected.package.standard" value="" />
        <property name="settings.editor.selected.configurable" value="fileTemplates" />
      </component>
    </defaultProject>
  </component>
</application>