<keymap version="1" name="NetBeans 6.5 copy" parent="NetBeans 6.5">
  <action id="$Copy">
    <keyboard-shortcut first-keystroke="ctrl c" />
    <keyboard-shortcut first-keystroke="meta c" />
  </action>
  <action id="$Cut">
    <keyboard-shortcut first-keystroke="ctrl x" />
    <keyboard-shortcut first-keystroke="shift delete" />
    <keyboard-shortcut first-keystroke="meta x" />
  </action>
  <action id="$Paste">
    <keyboard-shortcut first-keystroke="ctrl v" />
    <keyboard-shortcut first-keystroke="meta v" />
  </action>
  <action id="$Redo">
    <keyboard-shortcut first-keystroke="shift ctrl z" />
    <keyboard-shortcut first-keystroke="shift alt back_space" />
    <keyboard-shortcut first-keystroke="ctrl y" />
    <keyboard-shortcut first-keystroke="meta y" />
    <keyboard-shortcut first-keystroke="shift meta z" />
  </action>
  <action id="$SelectAll">
    <keyboard-shortcut first-keystroke="ctrl a" />
    <keyboard-shortcut first-keystroke="meta a" />
  </action>
  <action id="$Undo">
    <keyboard-shortcut first-keystroke="ctrl z" />
    <keyboard-shortcut first-keystroke="alt back_space" />
    <keyboard-shortcut first-keystroke="meta z" />
  </action>
  <action id="ActivateFindToolWindow">
    <keyboard-shortcut first-keystroke="shift alt u" />
    <keyboard-shortcut first-keystroke="shift ctrl 0" />
  </action>
  <action id="ActivateProjectToolWindow">
    <keyboard-shortcut first-keystroke="ctrl 1" />
    <keyboard-shortcut first-keystroke="ctrl 2" />
    <keyboard-shortcut first-keystroke="ctrl 3" />
    <keyboard-shortcut first-keystroke="meta 1" />
    <keyboard-shortcut first-keystroke="meta 2" />
    <keyboard-shortcut first-keystroke="meta 3" />
  </action>
  <action id="ActivateRunToolWindow">
    <keyboard-shortcut first-keystroke="alt 4" />
    <keyboard-shortcut first-keystroke="meta 4" />
  </action>
  <action id="ActivateTODOToolWindow">
    <keyboard-shortcut first-keystroke="alt 6" />
    <keyboard-shortcut first-keystroke="ctrl 6" />
    <keyboard-shortcut first-keystroke="meta 6" />
  </action>
  <action id="CallHierarchy">
    <keyboard-shortcut first-keystroke="ctrl alt h" />
    <keyboard-shortcut first-keystroke="shift meta alt h" />
  </action>
  <action id="CloseAllEditors">
    <keyboard-shortcut first-keystroke="shift ctrl w" />
    <keyboard-shortcut first-keystroke="shift ctrl f4" />
    <keyboard-shortcut first-keystroke="shift meta w" />
  </action>
  <action id="CloseContent">
    <keyboard-shortcut first-keystroke="ctrl f4" />
    <keyboard-shortcut first-keystroke="ctrl w" />
    <keyboard-shortcut first-keystroke="meta w" />
  </action>
  <action id="CloseProject">
    <keyboard-shortcut first-keystroke="shift meta alt w" />
  </action>
  <action id="CommentByBlockComment">
    <keyboard-shortcut first-keystroke="shift ctrl slash" />
    <keyboard-shortcut first-keystroke="shift ctrl divide" />
    <keyboard-shortcut first-keystroke="shift meta alt c" />
  </action>
  <action id="CommentByLineComment">
    <keyboard-shortcut first-keystroke="ctrl slash" />
    <keyboard-shortcut first-keystroke="ctrl divide" />
    <keyboard-shortcut first-keystroke="shift ctrl c" />
    <keyboard-shortcut first-keystroke="shift meta c" />
  </action>
  <action id="Console.Jdbc.Close" />
  <action id="Editor Copy">
    <keyboard-shortcut first-keystroke="meta c" />
  </action>
  <action id="Editor Cut">
    <keyboard-shortcut first-keystroke="meta x" />
  </action>
  <action id="Editor Paste">
    <keyboard-shortcut first-keystroke="meta v" />
  </action>
  <action id="Editor Redo">
    <keyboard-shortcut first-keystroke="meta y" />
    <keyboard-shortcut first-keystroke="shift meta z" />
  </action>
  <action id="Editor SelectAll">
    <keyboard-shortcut first-keystroke="meta a" />
  </action>
  <action id="Editor Undo">
    <keyboard-shortcut first-keystroke="meta z" />
  </action>
  <action id="EditorChooseLookupItemAlways">
    <keyboard-shortcut first-keystroke="ctrl enter" />
    <keyboard-shortcut first-keystroke="meta enter" />
  </action>
  <action id="EditorChooseLookupItemCompleteStatement">
    <keyboard-shortcut first-keystroke="shift ctrl enter" />
    <keyboard-shortcut first-keystroke="shift meta enter" />
  </action>
  <action id="EditorChooseLookupItemDot">
    <keyboard-shortcut first-keystroke="ctrl period" />
    <keyboard-shortcut first-keystroke="meta period" />
  </action>
  <action id="EditorCodeBlockEnd">
    <keyboard-shortcut first-keystroke="ctrl close_bracket" />
    <keyboard-shortcut first-keystroke="meta close_bracket" />
  </action>
  <action id="EditorCodeBlockEndWithSelection">
    <keyboard-shortcut first-keystroke="shift ctrl close_bracket" />
    <keyboard-shortcut first-keystroke="shift meta close_bracket" />
  </action>
  <action id="EditorCodeBlockStart">
    <keyboard-shortcut first-keystroke="ctrl open_bracket" />
    <keyboard-shortcut first-keystroke="meta alt open_bracket" />
    <keyboard-shortcut first-keystroke="meta dead_grave" />
  </action>
  <action id="EditorCodeBlockStartWithSelection">
    <keyboard-shortcut first-keystroke="shift ctrl open_bracket" />
    <keyboard-shortcut first-keystroke="shift meta alt open_bracket" />
  </action>
  <action id="EditorCompleteStatement">
    <keyboard-shortcut first-keystroke="shift ctrl enter" />
    <keyboard-shortcut first-keystroke="ctrl semicolon" />
    <keyboard-shortcut first-keystroke="shift meta enter" />
  </action>
  <action id="EditorDeleteLine">
    <keyboard-shortcut first-keystroke="ctrl e" />
    <keyboard-shortcut first-keystroke="meta e" />
  </action>
  <action id="EditorDeleteToWordEnd">
    <keyboard-shortcut first-keystroke="ctrl delete" />
    <keyboard-shortcut first-keystroke="meta delete" />
  </action>
  <action id="EditorDeleteToWordStart">
    <keyboard-shortcut first-keystroke="ctrl back_space" />
    <keyboard-shortcut first-keystroke="meta back_space" />
  </action>
  <action id="EditorDuplicate">
    <keyboard-shortcut first-keystroke="ctrl d" />
    <keyboard-shortcut first-keystroke="shift ctrl down" />
    <keyboard-shortcut first-keystroke="shift ctrl up" />
    <keyboard-shortcut first-keystroke="meta d" />
    <keyboard-shortcut first-keystroke="shift meta down" />
    <keyboard-shortcut first-keystroke="shift meta up" />
  </action>
  <action id="EditorJoinLines">
    <keyboard-shortcut first-keystroke="shift ctrl j" />
    <keyboard-shortcut first-keystroke="shift meta j" />
  </action>
  <action id="EditorNextWord">
    <keyboard-shortcut first-keystroke="ctrl right" />
    <keyboard-shortcut first-keystroke="meta right" />
  </action>
  <action id="EditorNextWordWithSelection">
    <keyboard-shortcut first-keystroke="shift ctrl right" />
    <keyboard-shortcut first-keystroke="shift meta right" />
  </action>
  <action id="EditorPasteSimple">
    <keyboard-shortcut first-keystroke="shift ctrl alt v" />
    <keyboard-shortcut first-keystroke="shift meta alt v" />
  </action>
  <action id="EditorPreviousWord">
    <keyboard-shortcut first-keystroke="ctrl left" />
    <keyboard-shortcut first-keystroke="meta left" />
  </action>
  <action id="EditorPreviousWordWithSelection">
    <keyboard-shortcut first-keystroke="shift ctrl left" />
    <keyboard-shortcut first-keystroke="shift meta left" />
  </action>
  <action id="EditorScrollDown">
    <keyboard-shortcut first-keystroke="ctrl down" />
    <keyboard-shortcut first-keystroke="meta down" />
  </action>
  <action id="EditorScrollUp">
    <keyboard-shortcut first-keystroke="ctrl up" />
    <keyboard-shortcut first-keystroke="meta up" />
  </action>
  <action id="EditorSplitLine">
    <keyboard-shortcut first-keystroke="ctrl enter" />
    <keyboard-shortcut first-keystroke="meta enter" />
  </action>
  <action id="EditorStartNewLineBefore">
    <keyboard-shortcut first-keystroke="ctrl alt enter" />
    <keyboard-shortcut first-keystroke="meta alt enter" />
  </action>
  <action id="FileStructurePopup">
    <keyboard-shortcut first-keystroke="ctrl f12" />
    <keyboard-shortcut first-keystroke="shift ctrl f12" />
    <keyboard-shortcut first-keystroke="meta f12" />
    <keyboard-shortcut first-keystroke="shift meta f12" />
  </action>
  <action id="Find">
    <keyboard-shortcut first-keystroke="ctrl f" />
    <keyboard-shortcut first-keystroke="alt f3" />
    <keyboard-shortcut first-keystroke="meta f" />
  </action>
  <action id="GotoClass">
    <keyboard-shortcut first-keystroke="ctrl o" />
    <keyboard-shortcut first-keystroke="meta o" />
  </action>
  <action id="GotoDeclaration">
    <keyboard-shortcut first-keystroke="ctrl b" />
    <mouse-shortcut keystroke="control button1" />
    <mouse-shortcut keystroke="button2" />
    <keyboard-shortcut first-keystroke="meta b" />
  </action>
  <action id="GotoLine">
    <keyboard-shortcut first-keystroke="ctrl g" />
    <keyboard-shortcut first-keystroke="meta g" />
  </action>
  <action id="GotoNextBookmark">
    <keyboard-shortcut first-keystroke="shift ctrl period" />
    <keyboard-shortcut first-keystroke="shift meta period" />
  </action>
  <action id="GotoPreviousBookmark">
    <keyboard-shortcut first-keystroke="shift ctrl comma" />
    <keyboard-shortcut first-keystroke="shift meta comma" />
  </action>
  <action id="GotoSuperMethod">
    <keyboard-shortcut first-keystroke="shift ctrl p" />
    <keyboard-shortcut first-keystroke="shift meta p" />
  </action>
  <action id="InsertLiveTemplate">
    <keyboard-shortcut first-keystroke="ctrl j" />
    <keyboard-shortcut first-keystroke="meta j" />
  </action>
  <action id="JumpToLastChange">
    <keyboard-shortcut first-keystroke="shift ctrl back_space" />
    <keyboard-shortcut first-keystroke="shift meta back_space" />
  </action>
  <action id="NewElement">
    <keyboard-shortcut first-keystroke="ctrl n" />
    <keyboard-shortcut first-keystroke="meta n" />
  </action>
  <action id="OpenFile">
    <keyboard-shortcut first-keystroke="shift ctrl o" />
    <keyboard-shortcut first-keystroke="shift meta o" />
  </action>
  <action id="PasteMultiple">
    <keyboard-shortcut first-keystroke="shift ctrl v" />
    <keyboard-shortcut first-keystroke="shift meta v" />
  </action>
  <action id="ReformatCode">
    <keyboard-shortcut first-keystroke="shift alt f" />
    <keyboard-shortcut first-keystroke="shift meta f" />
  </action>
  <action id="RenameElement">
    <keyboard-shortcut first-keystroke="ctrl r" />
    <keyboard-shortcut first-keystroke="meta r" />
  </action>
  <action id="ReopenClosedTab">
    <keyboard-shortcut first-keystroke="shift meta t" />
  </action>
  <action id="SavaAs">
    <keyboard-shortcut first-keystroke="shift ctrl s" />
    <keyboard-shortcut first-keystroke="shift meta s" />
  </action>
  <action id="SaveAll">
    <keyboard-shortcut first-keystroke="ctrl s" />
    <keyboard-shortcut first-keystroke="shift ctrl s" />
    <keyboard-shortcut first-keystroke="meta s" />
  </action>
  <action id="SelectIn">
    <keyboard-shortcut first-keystroke="shift ctrl 1" />
    <keyboard-shortcut first-keystroke="shift ctrl 2" />
    <keyboard-shortcut first-keystroke="shift ctrl 3" />
    <keyboard-shortcut first-keystroke="shift ctrl 9" />
    <keyboard-shortcut first-keystroke="shift meta 1" />
    <keyboard-shortcut first-keystroke="shift meta 2" />
  </action>
  <action id="ShowBookmarks">
    <keyboard-shortcut first-keystroke="shift ctrl m" />
    <keyboard-shortcut first-keystroke="shift meta m" />
  </action>
  <action id="ShowFilePath">
    <keyboard-shortcut first-keystroke="ctrl alt f12" />
    <keyboard-shortcut first-keystroke="meta alt f12" />
  </action>
  <action id="ShowPopupMenu">
    <keyboard-shortcut first-keystroke="shift f10" />
  </action>
  <action id="SwitchApply">
    <keyboard-shortcut first-keystroke="ctrl alt enter" />
  </action>
  <action id="SwitchDown">
    <keyboard-shortcut first-keystroke="ctrl alt down" />
  </action>
  <action id="SwitchLeft">
    <keyboard-shortcut first-keystroke="ctrl alt left" />
  </action>
  <action id="SwitchRight">
    <keyboard-shortcut first-keystroke="ctrl alt right" />
  </action>
  <action id="SwitchUp">
    <keyboard-shortcut first-keystroke="ctrl alt up" />
  </action>
  <action id="ToggleBookmarkWithMnemonic">
    <keyboard-shortcut first-keystroke="ctrl f11" />
    <keyboard-shortcut first-keystroke="meta f11" />
  </action>
  <action id="Vcs.QuickListPopupAction" />
</keymap>